,dataset,gameweek,position,linear_regression_mae,ridge_regression_mae,lasso_regression_mae,random_forest_mae,xgboost_mae,xgboost_v2_mae
0,test,3,overall,2.581505630967581,2.7733550111937113,2.5068287333571293,2.204901280940042,2.4528525,2.4088068
1,test,4,overall,2.216361133018065,2.350782731727258,2.2976655447698895,2.0676986873580705,2.18673,2.169269
2,test,5,overall,2.1862846015284725,2.2509518914280475,2.2457291774751624,1.8714385266461524,1.9918005,2.022566
3,test,6,overall,2.025420401979909,2.1362615244505574,2.1192194865085012,1.8205263839028654,1.9655025,1.9851944
4,test,7,overall,2.107198063069365,2.0766694332728672,1.9566231324558008,1.8385481304486617,1.9928,1.8685659
5,test,8,overall,1.949194133007319,2.025896798214244,1.9645308471361913,1.8562935793088495,1.9938319,1.878389
6,test,9,overall,1.9786350426868913,1.995185644591631,1.9546450901261545,1.8582750846550669,1.9696517,1.9778082
7,test,10,overall,1.9329471142532912,1.9618317240975627,1.9238099541430953,1.8804540233862648,1.9983599,1.8597927
8,test,11,overall,1.9338639522209176,1.9405218090301066,1.9032656979257474,1.8732463381603963,1.9940653,1.9910948
9,test,12,overall,1.916082053834283,1.9078619727819317,1.885248528328455,1.8364572749721777,1.9804589,1.8641241
10,test,13,overall,1.9278873822452334,1.897137185833896,1.8848464005144399,1.8445740887943498,1.9809153,1.8692803
11,test,14,overall,1.9061387816684408,1.8783221915237065,1.8917233885437064,1.8253939894836801,1.9599712,1.9654243
12,test,15,overall,1.8475308433376443,1.8359219895286332,1.8440493243672271,1.8278372056410386,1.9507517,1.9478596
13,test,16,overall,1.8508114882193725,1.8215922966671871,1.8367035241605263,1.82451264866678,1.9500866,1.9521328
14,test,17,overall,1.8391227211146475,1.8151522525692922,1.8143106407070677,1.8166801697195385,1.9405001,1.8313874
15,test,18,overall,1.8474292936390315,1.8202058532325527,1.825655419965578,1.7992263951495988,1.9400798,1.9441448
16,test,19,overall,1.8269637450020302,1.810919430898857,1.8140677814017196,1.790930349979927,1.9370878,1.9475212
17,test,20,overall,1.8302611741671357,1.835849604685984,1.8387025162469763,1.787658405645829,1.9266846,1.8104045
18,test,21,overall,1.826887894417083,1.8319325860837719,1.8204000816319488,1.7567042174796834,1.9066808,1.7797204
19,test,22,overall,1.8091876180306457,1.8234862747884117,1.824927805930911,1.767004870193279,1.9097565,1.918024
20,test,23,overall,1.780295582945028,1.778527915675614,1.7822626336994016,1.7919122913393224,1.8894336,1.8985884
21,test,24,overall,1.755124482064087,1.7687562735532367,1.7696317859899735,1.7951859809296324,1.9012398,1.904253
22,test,25,overall,1.7641174539719735,1.7748631057024382,1.7779634014139147,1.7919388816975776,1.890026,1.8024174
23,test,26,overall,1.7635668533793307,1.7687115086327883,1.7664677493538943,1.8153758661138326,1.920542,1.928134
24,test,27,overall,1.7815252959173495,1.7837788099756773,1.7802560140493102,1.8316006634819342,1.9508336,1.9573486
25,test,28,overall,1.8034130240564392,1.8051477842231818,1.7996158056285467,1.7932517194930695,1.9112734,1.8115014
26,test,29,overall,1.8075714791525608,1.8127665067801277,1.8098964682709424,1.7727930908138443,1.8868201,1.7864074
27,test,30,overall,1.8225567893680825,1.8192329672798035,1.8165850326595128,1.7765709651635468,1.891872,1.7899722
28,test,31,overall,1.8269017964441634,1.829150079735262,1.8418632032967206,1.7902054863612822,1.8989544,1.8024628
29,test,32,overall,1.8321827212158683,1.8374733067397149,1.834571424421183,1.7799847828357376,1.8867178,1.8074665
30,test,33,overall,1.8473206278819818,1.8338472840697981,1.8390384476015107,1.7731130346138166,1.8807563,1.7809074
31,test,34,overall,1.853386778285776,1.833179930919701,1.8375596735303872,1.8062084739196564,1.9097307,1.8069266
32,test,35,overall,1.842960886818346,1.8288608485159996,1.8361810766801185,1.810906520874016,1.9165552,1.8113021
33,test,36,overall,1.8388522291876168,1.8329851352996882,1.830691261943523,1.7927449057801395,1.899128,1.7921962
34,test,37,overall,1.848191180489514,1.8365284971716824,1.8367239618855367,1.7742681188288825,1.8892559,1.790058
35,test,38,overall,1.8277729371475553,1.8117833139838657,1.8177605840768012,1.824797839321252,1.9568177,1.8648045
36,training,3,overall,2.7219428602393734,2.794907476806659,2.691773211646225,2.619054698006794,2.6887648,2.6329548
37,training,4,overall,2.4776345998145572,2.407069258387144,2.399251551299539,2.3957596620215287,2.5811317,2.5600734
38,training,5,overall,2.3554627106888715,2.3277909669414782,2.315827644169331,2.392148697083649,2.5022523,2.4948587
39,training,6,overall,2.219828647290695,2.1957855853236095,2.1998283275782335,2.212681208812846,2.2982209,2.299352
40,training,7,overall,2.1588504759000324,2.1346976820578667,2.147306248093556,2.110497396730763,2.1864562,2.1054292
41,training,8,overall,2.109031385929124,2.0873348781059904,2.089167010638871,2.062482961010754,2.1642523,2.0508242
42,training,9,overall,2.0744691910465276,2.0608818920992955,2.057859047525836,2.0362024575244004,2.1252687,2.1209002
43,training,10,overall,2.042612944577203,2.021074763640276,2.0219005398227234,1.9971562616006981,2.0946658,1.9745183
44,training,11,overall,2.031149509737039,2.012687359799303,2.023417205014354,1.9993884893291483,2.1036353,2.0946321
45,training,12,overall,2.0189345643251473,1.9999661044943993,2.0034245495122387,1.9867465192074356,2.0846255,1.9624568
46,training,13,overall,2.0112333797030972,1.987187352200863,1.9947087434646003,1.9698258297398046,2.0589612,1.9437169
47,training,14,overall,1.983802902071281,1.967059413460473,1.9756330086381242,1.9580540213990072,2.0590267,2.0591922
48,training,15,overall,1.9678139724558532,1.9506398143515569,1.9542030646089097,1.9616164436694863,2.0564249,2.0511117
49,training,16,overall,1.953823977233534,1.9383193906596032,1.941060824809645,1.9441023630917238,2.0482843,2.0432057
50,training,17,overall,1.9481600390615057,1.9313565145299982,1.936604000467031,1.9377944534637979,2.0415664,1.9291459
51,training,18,overall,1.9565778386730026,1.9371042761801145,1.940115020082871,1.9416317087062396,2.0422723,2.0319846
52,training,19,overall,1.9451098235624027,1.9283484961335844,1.9393586021796272,1.9219548986317854,2.0126631,2.0156026
53,training,20,overall,1.950297726996175,1.9353044060466418,1.9359765311988633,1.915715200944866,2.0145009,1.898991
54,training,21,overall,1.9451051110745092,1.9274818465274837,1.9312588975471219,1.90759251274403,2.008177,1.8944228
55,training,22,overall,1.936578638345888,1.9202753176232332,1.9215763171822262,1.9004806931411053,1.9951837,1.9958072
56,training,23,overall,1.8934352871705051,1.8803217286384666,1.882901680592595,1.8938299872931659,1.9689207,1.9649156
57,training,24,overall,1.8833558766307847,1.8714929042838662,1.8740099989935959,1.8847056096694619,1.9568676,1.960214
58,training,25,overall,1.879508717659367,1.8670918222648838,1.8690635746351214,1.8849299283983916,1.9581436,1.8739072
59,training,26,overall,1.8669459409864944,1.8571003122239238,1.8566963750920433,1.8723996998174302,1.945088,1.9487932
60,training,27,overall,1.8628118869932444,1.8539799837590039,1.8542364449642545,1.8709569129939934,1.9447427,1.9439232
61,training,28,overall,1.8628789180254224,1.8553079907710401,1.8537536756109987,1.8751482635363714,1.9539374,1.8617849
62,training,29,overall,1.8545789202979248,1.8483188974863733,1.8464616273855785,1.8753308809850098,1.9506013,1.8685734
63,training,30,overall,1.8517852131386194,1.8464875470021722,1.8444690890189368,1.8725365235832687,1.9508821,1.860273
64,training,31,overall,1.8432850882620726,1.8371760464051479,1.8357025596181855,1.8684299434593343,1.9500841,1.8519117
65,training,32,overall,1.843570593961233,1.8383761513973607,1.8367057875243418,1.873994756403852,1.9540404,1.856356
66,training,33,overall,1.8388963154554039,1.8341030728874919,1.8337315129742229,1.8647396165460992,1.9468566,1.8560765
67,training,34,overall,1.8394447799557412,1.833929420372683,1.831778497027271,1.8646541206098757,1.9440699,1.8558445
68,training,35,overall,1.8420284275084018,1.8356412744052624,1.8342358513952723,1.865158863983545,1.9408678,1.8531317
69,training,36,overall,1.84164865357138,1.837035599493483,1.835748353401522,1.8613758767444946,1.9439783,1.8548433
70,training,37,overall,1.841739408256376,1.8369202857360343,1.8357321957394739,1.8618085562039441,1.9425071,1.8488431
71,training,38,overall,1.8367416883913497,1.832164904712413,1.8316503685998164,1.8559180041401342,1.9357512,1.8433964
72,test,3,defender,1.0346402401127202,0.8460034290728919,0.8026744143399559,2.098695885814931,2.1497934,2.0247264
73,test,3,forward,7.632123761087601,7.253785274012809,7.912701889751703,3.4184905770718066,4.5353265,4.797945
74,test,3,goalkeeper,2.246466484122174,6.915992504197224,3.0709829476919466,2.229268140492281,2.181938,2.2266085
75,test,3,midfielder,2.4143931266019405,2.420826225729834,2.232992392247357,1.94120716451113,2.1402948,2.0602515
76,test,4,defender,1.5551166282670055,1.5462953796294887,1.5780592469550925,2.156525049722213,2.2565527,2.2264512
77,test,4,forward,3.900727700764694,4.623481510287422,4.335891417729342,2.658190931341796,2.9919896,3.0048716
78,test,4,goalkeeper,2.653576437587718,2.653648291354587,2.653576437587718,2.1909606810068274,2.2522032,2.1892588
79,test,4,midfielder,2.206546268812857,2.307930321217433,2.245530884446246,1.8087786312993124,1.8900414,1.8807029
80,test,5,defender,1.484266765379317,1.4114024414131967,1.5056222587718824,2.0112226389694827,2.1222305,2.150789
81,test,5,forward,3.4476279688361267,3.894216202355432,3.720990053253275,2.212780101808712,2.315823,2.3704443
82,test,5,goalkeeper,2.2299448711398644,2.324076355024021,2.3244241634072487,2.419208224193589,2.4121704,2.425008
83,test,5,midfielder,2.3976888178097995,2.461872233744355,2.4219253197773694,1.5779337778215528,1.7294824,1.757793
84,test,6,defender,1.5594985072218457,1.4748146661194523,1.5645609705965158,1.9772356326166791,2.131465,2.1691952
85,test,6,forward,2.940013589756666,3.450213200011679,3.1897110419140917,2.0356461896958193,2.1751285,2.212615
86,test,6,goalkeeper,2.228187205736297,2.5768141021025923,2.5779661016949094,2.3185956252200297,2.415393,2.4201057
87,test,6,midfielder,2.1178883290363357,2.241138877020463,2.2034982098411677,1.5560804270055133,1.7018526,1.7034894
88,test,7,defender,1.5456612007191788,1.4519648587405447,1.3856238833464034,1.9376494320234443,2.114093,1.9334034
89,test,7,forward,3.5338012805594983,3.3159211556703765,2.9910653327828953,2.055246933821991,2.2045376,2.1561377
90,test,7,goalkeeper,2.414337014524834,2.7539719894079835,2.191450648774858,2.183097187030806,2.2856543,2.2196155
91,test,7,midfielder,2.1101626535474733,2.1337737955806677,2.0938965064905877,1.6414649628992464,1.7861792,1.6782277
92,test,8,defender,1.5191115817277558,1.489298502888366,1.579624830565148,1.933350672179161,2.099144,1.9606867
93,test,8,forward,2.8842433638095915,3.032381104297756,2.7874472408267303,2.066478468759129,2.1504354,2.086768
94,test,8,goalkeeper,2.187673714559455,2.6568476788353856,1.995481888742171,2.2177058256750652,2.3299508,2.2825801
95,test,8,midfielder,1.9949199075176258,2.080591315905085,2.0368352306738218,1.6758135879930025,1.8094603,1.6876864
96,test,9,defender,1.5776221492073597,1.5232879053104007,1.622486270764485,1.9232502140160934,2.097625,2.1018548
97,test,9,forward,2.936091066693181,2.9175312384747683,2.73474067011992,2.063089857980882,2.099042,2.1209679
98,test,9,goalkeeper,2.5473863325686823,2.7532689112068733,2.2450206085171325,2.166340769353801,2.3097916,2.3299603
99,test,9,midfielder,1.941469340181593,1.9986447746694689,1.9547851852222,1.6977435908408982,1.7745582,1.7800844
100,test,10,defender,1.6511938507134587,1.531806888135564,1.6067217236668467,1.9430946101900843,2.106268,1.9408696
101,test,10,forward,2.539162790027073,2.7874925345428796,2.6345698516192275,2.1068199630334576,2.1883917,2.0441608
102,test,10,goalkeeper,2.562535823181999,2.9000386346306257,2.495746274193298,2.1069319381423317,2.185547,2.0866048
103,test,10,midfielder,1.89066735280718,1.9303487517680342,1.8881598229884418,1.7275197784677823,1.8247855,1.7041098
104,test,11,defender,1.552495216185691,1.5184140480364479,1.4955431292097705,1.9375487041397232,2.0896924,2.0886152
105,test,11,forward,2.3298156487080783,2.6271668271426822,2.5296178013825146,2.0755760427172256,2.1531055,2.127101
106,test,11,goalkeeper,2.6876816376929358,2.5346275377803043,2.68708695662027,1.9705997370872899,2.0616882,2.0848827
107,test,11,midfielder,2.0166478435669863,1.9934570132194624,1.9340648672885705,1.7448437721901677,1.857282,1.8557564
108,test,12,defender,1.447437419030265,1.4340020542159444,1.451242407630179,2.022271068660483,2.187761,2.0652397
109,test,12,forward,2.440149837732737,2.5808356737837306,2.516892925690414,1.94863353528615,2.071407,1.9277856
110,test,12,goalkeeper,2.4935995788568435,2.3444716998548953,2.395181597452505,2.1163310943118336,2.2598274,2.1780622
111,test,12,midfielder,2.0609191742603596,2.032584773798867,1.978753524949769,1.6077327636672714,1.7404435,1.6324264
112,test,13,defender,1.5432293035846725,1.5027249206493567,1.496348123665159,2.0434681575490234,2.204018,2.078134
113,test,13,forward,2.3920356278400945,2.4561785858255787,2.4205077682751046,2.0033331724866055,2.0978863,1.9756765
114,test,13,goalkeeper,2.5626984837117104,2.43520016159824,2.6705242649026824,2.105499694353044,2.2541595,2.1626508
115,test,13,midfielder,2.018114032356678,1.9807361389922828,1.935390441933008,1.594647409475376,1.7216622,1.6221809
116,test,14,defender,1.512464194072332,1.4899234828741184,1.506153410993103,2.0455201587565623,2.2087216,2.2094445
117,test,14,forward,2.37365009817699,2.4107533720155376,2.363620430561418,1.894962864762413,1.9865768,1.9841255
118,test,14,goalkeeper,2.72973162432962,2.5148136293979855,2.6810743936329655,2.06882336549018,2.1820385,2.1845305
119,test,14,midfielder,1.9763802883023562,1.9506593185220484,1.9586624395525438,1.5850704477592723,1.7118492,1.7241125
120,test,15,defender,1.4980790304997689,1.4570720261540249,1.4946105989810925,2.067115719265062,2.2064314,2.2020292
121,test,15,forward,2.4029755247883595,2.3838066228411807,2.3442618379814393,1.7977976698523288,1.8780721,1.8547294
122,test,15,goalkeeper,2.3578969027387933,2.3584053054243714,2.559843767071801,2.178770848320802,2.2928321,2.3163307
123,test,15,midfielder,1.899681000632618,1.9133905721666171,1.8831348693341663,1.5843148644516882,1.7076155,1.7083693
124,test,16,defender,1.5649803138307028,1.4907806676378288,1.5260227263942963,2.057819004898201,2.1993704,2.2085547
125,test,16,forward,2.288665041988426,2.288882500008429,2.2689978011314706,1.791994289181188,1.8736035,1.8683096
126,test,16,goalkeeper,2.5092676847609727,2.323226225418836,2.5221631317402915,2.0953889809184063,2.2749279,2.274285
127,test,16,midfielder,1.8606128945615232,1.8837091471373093,1.8650754001901015,1.5976438518749896,1.715041,1.7137039
128,test,17,defender,1.6046897808037062,1.5445256254104471,1.5558296033828567,2.0354202942885435,2.1810184,2.0431705
129,test,17,forward,2.211534812366428,2.206917753367313,2.198430304726109,1.7960086624223146,1.8837266,1.7570044
130,test,17,goalkeeper,2.467394500163296,2.3645414851258764,2.391604212471998,2.0513111458276887,2.2014804,2.0853298
131,test,17,midfielder,1.8278169220144234,1.8402058247190503,1.8272898138812905,1.6048847212283524,1.7173473,1.6385264
132,test,18,defender,1.6343834325495188,1.5662270110731757,1.5761189484154876,2.0052316304845093,2.1729848,2.1724885
133,test,18,forward,2.1952490679666283,2.1733361103540743,2.167115590710347,1.7438918922613331,1.8348628,1.8431625
134,test,18,goalkeeper,2.3394289910082784,2.2663278969986687,2.423464485524272,1.986316090054707,2.1542327,2.1658928
135,test,18,midfielder,1.842537169617662,1.854830655005338,1.836519080412646,1.6158174407110442,1.7452155,1.750605
136,test,19,defender,1.6474721146396194,1.5933279831645706,1.5952034840591554,1.9700334714955958,2.1529534,2.1573129
137,test,19,forward,2.098981233898071,2.102951911679529,2.1034714364790306,1.7065841845876677,1.8205022,1.8239535
138,test,19,goalkeeper,2.367099094686294,2.306368468967155,2.4274305289214615,2.001796282285383,2.177685,2.1801043
139,test,19,midfielder,1.8087082141814157,1.8250370748221638,1.8116144202594757,1.6356872450895512,1.7565932,1.7753917
140,test,20,defender,1.6523024295565958,1.6608756303813303,1.6689782358444079,1.963524843061822,2.1313307,2.0091891
141,test,20,forward,2.0625284915575004,2.0655325655782177,2.0650995696577326,1.7298877486628774,1.8456885,1.7160636
142,test,20,goalkeeper,2.3843932118334554,2.369481528111399,2.4635303344946236,1.9764803463686895,2.1348672,2.0341873
143,test,20,midfielder,1.8158031792177631,1.8229977270349356,1.8081703917144927,1.6321500428472393,1.7518328,1.6420221
144,test,21,defender,1.643385256557477,1.6580327253742724,1.6602282284102432,1.922701933217304,2.0961125,1.9633859
145,test,21,forward,2.0148002558840217,2.0230687899700017,2.0011317041889995,1.7047726623600234,1.8381476,1.6902335
146,test,21,goalkeeper,2.2705494904171353,2.321921655519909,2.2901524948456635,1.9529422618406636,2.159952,2.0302007
147,test,21,midfielder,1.846364046118829,1.8351349669518524,1.818916339102197,1.6061484052740593,1.7331283,1.6179783
148,test,22,defender,1.6385715981675624,1.6570146782313124,1.6619501582539722,1.9888998739953676,2.1431007,2.1538944
149,test,22,forward,1.9460978058515588,1.9846823066957135,1.9631273335061505,1.5987686664147336,1.7238996,1.726017
150,test,22,goalkeeper,2.3588211157924905,2.34388990948813,2.3974649353730837,2.03147196670665,2.2263336,2.2323444
151,test,22,midfielder,1.8159294365384624,1.8235344695730564,1.8212560604067793,1.5969341968832564,1.7276462,1.736222
152,test,23,defender,1.581176018364649,1.5500173060709037,1.5530691010004936,2.048205985124971,2.1559803,2.1676292
153,test,23,forward,1.9389836788282326,1.9820629312349523,1.960585430841578,1.6089882449452149,1.6804993,1.6856754
154,test,23,goalkeeper,2.294138077099396,2.266309503987645,2.34669147905961,2.1274001204474273,2.2828588,2.2850246
155,test,23,midfielder,1.8064659897458442,1.8181265268641955,1.8182446017830047,1.5880423201259357,1.6763264,1.6859045
156,test,24,defender,1.5653814872999925,1.5426717623568376,1.5438343912835164,2.065881488929819,2.1897473,2.1885977
157,test,24,forward,1.921646863286708,1.955558192821546,1.9435396903357232,1.6965086707520853,1.7851647,1.7862736
158,test,24,goalkeeper,2.2060266403516664,2.260630776830079,2.334264030230243,2.1265493621426033,2.2710164,2.278304
159,test,24,midfielder,1.7800433087088454,1.8098427944896849,1.8027407060027267,1.551854473210595,1.6427877,1.6491343
160,test,25,defender,1.5703375422292665,1.56029900276577,1.5581753653567914,2.0710054035990106,2.1837852,2.0913277
161,test,25,forward,1.9224617805170026,1.9572458530052868,1.9472200973998297,1.7000706942097987,1.781421,1.6705581
162,test,25,goalkeeper,2.200520197757108,2.253368845116427,2.372809082701831,2.153304722813015,2.2558894,2.1818151
163,test,25,midfielder,1.7972029946897294,1.809933795988679,1.8023991450118302,1.535337849636155,1.6262686,1.5480893
164,test,26,defender,1.5773229013559829,1.563296173283371,1.5540979991107349,2.0463733499995325,2.1723957,2.1838899
165,test,26,forward,1.874502682047739,1.9110431056529313,1.8953773130329874,1.809279992413368,1.9078395,1.9130572
166,test,26,goalkeeper,2.294515488359057,2.281718976589683,2.36857277481027,2.090749659440144,2.1878867,2.1932216
167,test,26,midfielder,1.7899080687897728,1.8032085929559611,1.7962574062723138,1.5840088366509053,1.675755,1.6813387
168,test,27,defender,1.624380813632315,1.6136402710413247,1.613307020687254,1.9540623451048647,2.1056828,2.1063387
169,test,27,forward,1.8790862398527395,1.8973769713635207,1.8771989215314997,1.9975732329935698,2.0770478,2.0780294
170,test,27,goalkeeper,2.29659571389197,2.33324326972148,2.3904515303071747,2.1152261448494447,2.2133605,2.1981173
171,test,27,midfielder,1.7892406364619131,1.7909210946595269,1.7800528525785904,1.6320066291631272,1.7417464,1.7584044
172,test,28,defender,1.6546057524956534,1.6366610003333708,1.6419593676386843,1.832422267745378,1.9970945,1.8564116
173,test,28,forward,1.8544101599750054,1.9101774446419957,1.8650599419583553,2.0657365329454143,2.1452937,2.0375185
174,test,28,goalkeeper,2.293724893846014,2.3750501245114526,2.448864615359566,2.023839238751042,2.0845623,2.0266914
175,test,28,midfielder,1.824553271863101,1.8113102917668342,1.7967133964418502,1.6352033219093007,1.7378305,1.6664683
176,test,29,defender,1.6706273078713376,1.6535754768275064,1.6610371072114412,1.8496177162397776,1.988032,1.8557357
177,test,29,forward,1.8714436602755105,1.9373123419382368,1.9012647253592363,2.032193331282856,2.1126754,2.0132308
178,test,29,goalkeeper,2.2924081139062134,2.3626045861919756,2.4461196589010736,1.994638953645136,2.0969307,2.0540645
179,test,29,midfielder,1.8137841099525087,1.8060801804434758,1.7914084192586939,1.5920318173268186,1.6996751,1.6143963
180,test,30,defender,1.681092054080052,1.6536706395095464,1.6638522055047715,1.8640830525366636,2.005489,1.8721877
181,test,30,forward,1.9058784351936124,1.9528575085998416,1.915898555891675,1.9899760023163084,2.0578146,1.9245248
182,test,30,goalkeeper,2.3007076009077134,2.3590935085662745,2.445165536296223,1.9820956427875003,2.0642664,1.9891467
183,test,30,midfielder,1.8276225518672704,1.8165248115631383,1.8002882994430975,1.6026363089216378,1.7184321,1.6473162
184,test,31,defender,1.670657368551965,1.6466705318384716,1.6542376599781063,1.941948891648447,2.073927,1.9582088
185,test,31,forward,1.9443273835698711,2.004867967143424,1.9793625613264292,1.9637314196483708,2.0455356,1.9161617
186,test,31,goalkeeper,2.2115856416075053,2.2746318535432457,2.3882819473118806,2.121687277199467,2.2071073,2.1280987
187,test,31,midfielder,1.8475298428235136,1.841368219793807,1.854097881861595,1.56295181577076,1.666224,1.5924255
188,test,32,defender,1.6768722572589678,1.648168921398655,1.6573705494931765,1.9324610406450404,2.056758,1.954855
189,test,32,forward,1.9359246732096869,1.99492266356365,1.9747083525630071,1.9553281437874195,2.044014,1.9448173
190,test,32,goalkeeper,2.248109032901603,2.306456411612345,2.410541940844346,2.105665482176637,2.2102733,2.118336
191,test,32,midfielder,1.8521815920345308,1.8576263036530636,1.8340170048648161,1.5515600690013867,1.6509697,1.5979437
192,test,33,defender,1.684216024453058,1.6407978681087685,1.6437137010560097,1.9339343186639935,2.0571423,1.9488902
193,test,33,forward,1.972017235806581,1.9740076233665573,1.9497279708688837,1.916037334637848,2.0144794,1.8625284
194,test,33,goalkeeper,2.2653025494942254,2.26560141230338,2.3811431871207938,2.1229015196140057,2.2447214,2.1587818
195,test,33,midfielder,1.8669352382520865,1.8695434092645684,1.8688736485112794,1.543822964993527,1.6401112,1.5620829
196,test,34,defender,1.696009126909714,1.6485934487554448,1.6533313519634025,1.9224775957332125,2.049878,1.929261
197,test,34,forward,1.9391149426506868,1.9810271914872786,1.9628779442128454,1.8947675213176576,1.9988647,1.8802198
198,test,34,goalkeeper,2.3603246841134253,2.293415259858179,2.3977341493609483,2.1657260610355347,2.2225916,2.1454804
199,test,34,midfielder,1.8693416899498771,1.8576548232733598,1.8532192591848682,1.625404589868014,1.717085,1.629747
200,test,35,defender,1.6633843493284317,1.6395777985963456,1.6524121562339276,1.9137283611585858,2.046501,1.9297035
201,test,35,forward,1.949245076996573,1.9882026041940266,1.9633338456449345,1.931464554109255,2.0359168,1.9058821
202,test,35,goalkeeper,2.326273747723347,2.2351618505289186,2.3673933921051313,2.244470428892823,2.3382642,2.218711
203,test,35,midfielder,1.8734368407969282,1.8619738989372785,1.8553991285581672,1.6191428428774486,1.7054334,1.6198865
204,test,36,defender,1.6542909094748244,1.6393870156219408,1.6409013005424855,1.861001334796322,1.9987956,1.8857259
205,test,36,forward,1.927874067576118,1.9669340400360587,1.932673786367959,1.89197712171469,1.9817997,1.8571917
206,test,36,goalkeeper,2.347774374340583,2.3244690625421023,2.40517626705826,2.245411108739055,2.3173301,2.2297218
207,test,36,midfielder,1.8773342327674865,1.8664670524700986,1.8582790500496384,1.6278787976600662,1.7196091,1.6206112
208,test,37,defender,1.651859853365369,1.6343975615163993,1.634340695432891,1.878175647547676,2.0211487,1.9232421
209,test,37,forward,1.977341702349056,1.994394604674155,1.9591673636906308,1.8236459855230083,1.9490012,1.8073628
210,test,37,goalkeeper,2.2826957624320863,2.2360427566999177,2.3496149256392473,2.128474995402782,2.1810849,2.0967293
211,test,37,midfielder,1.89528065710599,1.8849555340097468,1.8777516113275317,1.6117566539297934,1.7106775,1.6217988
212,test,38,defender,1.643166277253146,1.610930557497013,1.6202455585387696,1.9442731361419128,2.0981572,1.994739
213,test,38,forward,1.9729946822748077,1.986812286860662,1.9574210625705066,1.8175773005851559,1.9737272,1.8605285
214,test,38,goalkeeper,2.1506020188175223,2.1369224552963892,2.2382344201449547,2.188872038507022,2.2713532,2.1918137
215,test,38,midfielder,1.8777037033673423,1.8652569481971204,1.8628543456627766,1.6619326010511395,1.7766678,1.6988466
216,training,3,defender,1.003239108773437,1.0049213531318095,1.1281119223507483,1.8384571236072178,1.9167986,1.714351
217,training,3,forward,6.889190370769263,6.488204709995799,7.030893403668451,5.098380076842345,5.2153034,5.0827646
218,training,3,goalkeeper,2.4107858700266176,5.569069749271291,1.62779702608723,2.1401423800670956,2.3052802,2.52701
219,training,3,midfielder,2.7943144252728254,2.5894862649848127,2.7176992534550424,2.534031087192658,2.5696313,2.5985272
220,training,4,defender,1.6226109005398743,1.5701528512042755,1.5801293005240462,2.215714537829218,2.366408,2.4132378
221,training,4,forward,4.858561262199054,4.643171839928051,4.703051204641956,3.6683798361510602,4.0290747,3.94947
222,training,4,goalkeeper,2.663893155828636,2.664092502497634,2.663893155828636,2.1033724216860614,2.2372384,2.1918638
223,training,4,midfielder,2.3898120014504913,2.336368976063793,2.295805663520269,2.210825689109238,2.3794138,2.3301907
224,training,5,defender,1.5660668316905895,1.5139111772024212,1.5180305940245582,2.2422049204604786,2.3104749,2.331654
225,training,5,forward,3.9087429107501976,3.8832707413278063,3.849944779297892,3.405423537608696,3.6095726,3.5419512
226,training,5,goalkeeper,2.435551411825746,2.3781809343813674,2.3782371498375214,1.9687383575220445,2.072525,2.060732
227,training,5,midfielder,2.4761219530637515,2.4699580219774098,2.45061245161819,2.2762151571976124,2.3909461,2.380541
228,training,6,defender,1.6284005727526638,1.5811433903738181,1.5830704622778264,2.172260499294925,2.2631042,2.2914834
229,training,6,forward,3.447602644189838,3.402430024693926,3.3987489638885733,3.109628930892876,3.1644197,3.1441379
230,training,6,goalkeeper,2.64317368377141,2.6116290083278475,2.611669105453125,2.048987603801693,2.211286,2.1633651
231,training,6,midfielder,2.2563767124790512,2.2567971902655866,2.265187453731052,2.015145270019605,2.0940328,2.0879579
232,training,7,defender,1.6229260292076735,1.615619099566253,1.6299423283492132,2.1085843061014593,2.1838865,2.0869079
233,training,7,forward,3.345445617078634,3.191273934181838,3.227325216195176,2.939568341643291,2.9019804,2.8447442
234,training,7,goalkeeper,2.774542450462199,2.7546162384810944,2.730750005522251,2.1355808243485352,2.2720413,2.2696424
235,training,7,midfielder,2.1452505806769913,2.1441641422062707,2.1541871730182716,1.875126480195719,1.9746993,1.8877157
236,training,8,defender,1.684887553458858,1.6470488513558885,1.638910440414331,2.12168974493573,2.2226167,2.0940404
237,training,8,forward,3.071303331565579,2.99597789831093,3.0334735938667747,2.7252334683244137,2.756045,2.6725965
238,training,8,goalkeeper,2.6856560476112232,2.671230316243594,2.6316424697786562,2.084103128079464,2.1502693,2.1096718
239,training,8,midfielder,2.083059615305589,2.088084231707909,2.0935651403461057,1.825363909833948,1.9530584,1.8323859
240,training,9,defender,1.7151668762008017,1.6880403549516807,1.682342363125644,2.120825627705856,2.2273185,2.2198076
241,training,9,forward,2.9354024875833744,2.892952172990392,2.9076544940393516,2.638104490351215,2.657474,2.6514633
242,training,9,goalkeeper,2.775944001227305,2.7594510037330076,2.6938809674925337,2.192919646765035,2.2622578,2.2472572
243,training,9,midfielder,2.0105860287951236,2.0163428161148995,2.019482692617506,1.7749400030863984,1.8729908,1.8731197
244,training,10,defender,1.7392616595825647,1.6959595007276556,1.7029595166275608,2.090871321232729,2.203602,2.0744514
245,training,10,forward,2.824911820779763,2.7706073182300184,2.7927605508628046,2.5446609651582595,2.570343,2.4945812
246,training,10,goalkeeper,2.864066949123006,2.8767518601779014,2.8029244856228526,2.221074848849774,2.3746014,2.297944
247,training,10,midfielder,1.9404748812462524,1.9407013026580344,1.9413542368349985,1.7328335252637566,1.8306581,1.6986269
248,training,11,defender,1.7031074488963585,1.6802852748765473,1.6906355739721668,2.076647129740105,2.199495,2.203555
249,training,11,forward,2.7196166677786815,2.6778395289517896,2.6898359110921986,2.4900481121420146,2.5589662,2.5445292
250,training,11,goalkeeper,2.919864765509678,2.8728200886471984,2.9226933262854695,2.301319243690909,2.4377244,2.3912134
251,training,11,midfielder,1.9674915615628608,1.963359924874046,1.9683625359369366,1.7527962169450153,1.8476347,1.8351566
252,training,12,defender,1.6698134800152378,1.6377517362347713,1.6417948369548376,2.0280932192777055,2.1550713,2.0149906
253,training,12,forward,2.6884045082579933,2.650271919831104,2.665069124954305,2.470780669904088,2.5180066,2.4143417
254,training,12,goalkeeper,2.797874521538738,2.729505107827535,2.734741693373871,2.2281937899697715,2.3400943,2.2574959
255,training,12,midfielder,1.9923781318925342,1.9966735889947358,1.9961260867033748,1.778426600188896,1.8655175,1.7466226
256,training,13,defender,1.684964209025392,1.6507589959387223,1.6690636675611183,2.036953893502943,2.149731,2.0226152
257,training,13,forward,2.629179678937081,2.56859692133209,2.577515784509862,2.3680800697918833,2.4202504,2.2967324
258,training,13,goalkeeper,2.8471069191193212,2.7660215061647166,2.8071791703517066,2.2276577151011923,2.327776,2.2628367
259,training,13,midfielder,1.9721028444938251,1.975215159411549,1.9686993684724563,1.7624294741430837,1.841617,1.7309375
260,training,14,defender,1.6634846270005863,1.6331744669279658,1.6380181398942828,2.0311115384835263,2.1558874,2.1580737
261,training,14,forward,2.5916826258581143,2.539502376221123,2.5527613278389847,2.3538098286797995,2.423859,2.4184859
262,training,14,goalkeeper,2.7731180449424926,2.7673865949281167,2.782656256755687,2.247249076034061,2.3612328,2.3644862
263,training,14,midfielder,1.9493379599983893,1.9521867225754277,1.9614210812827522,1.7417101316862942,1.8305407,1.8302279
264,training,15,defender,1.6358753894381526,1.60893500301308,1.607379379587412,2.023981299797976,2.148581,2.1577315
265,training,15,forward,2.59793861052311,2.5497350757900445,2.5769091344170083,2.381115093802386,2.4332666,2.4157138
266,training,15,goalkeeper,2.7625016975949768,2.7236988211428335,2.7447338344522176,2.1984892759367463,2.3039615,2.2489107
267,training,15,midfielder,1.935640903210255,1.9385854929264807,1.9368371863988019,1.7541213247032832,1.8357021,1.8295817
268,training,16,defender,1.6400731497303072,1.6170895188641212,1.6145612617406881,2.0230672823787805,2.1537974,2.1605124
269,training,16,forward,2.51813449274482,2.4645847552093576,2.484324466318873,2.311223715177591,2.3818815,2.3751411
270,training,16,goalkeeper,2.7600852750696303,2.74274214952257,2.7699721340772387,2.177199187931358,2.2755542,2.2446752
271,training,16,midfielder,1.9248285015640407,1.9267753464312911,1.9252261005585762,1.7386184663220736,1.8319457,1.821581
272,training,17,defender,1.6646177253179963,1.6420956172830208,1.650018084172516,2.0593649374946414,2.1929119,2.0649114
273,training,17,forward,2.4427838591729207,2.389624827981731,2.4154589465532625,2.2567946013098834,2.32162,2.215634
274,training,17,goalkeeper,2.848643160857978,2.812557982264719,2.804036630119833,2.2029891239402395,2.3149283,2.2317228
275,training,17,midfielder,1.9016042543831386,1.9029422671951532,1.9019795006679308,1.7066121840621582,1.7964535,1.690529
276,training,18,defender,1.6901590364357513,1.6595433965586972,1.6661320701876825,2.0586930565008386,2.1919112,2.1883242
277,training,18,forward,2.4395218548205326,2.370483436797625,2.3833904670754875,2.2640353285118144,2.3076725,2.2905629
278,training,18,goalkeeper,2.7905746030689103,2.769889619538081,2.777007306336149,2.1735176138769816,2.2804272,2.2618196
279,training,18,midfielder,1.9106147479388556,1.9149165054715582,1.9115169129221343,1.7181302801039104,1.8080554,1.7955228
280,training,19,defender,1.7003811366645036,1.6701701292035966,1.6839001566833796,2.0556841531008256,2.1788096,2.1843553
281,training,19,forward,2.3567076621200345,2.3063045996983504,2.3174998113587035,2.209710093912241,2.2401912,2.2415066
282,training,19,goalkeeper,2.8149374949525603,2.795029486293716,2.799362955148579,2.1681359974587466,2.2604885,2.25648
283,training,19,midfielder,1.8965908425870794,1.9011795752852794,1.9108894606204163,1.6921473183073488,1.7739381,1.776243
284,training,20,defender,1.733343381680065,1.707390654984759,1.7050804229417647,2.0641366789983246,2.190447,2.0508897
285,training,20,forward,2.294597410029172,2.2589395974611035,2.258747714071607,2.1340994525955277,2.1914444,2.0791266
286,training,20,goalkeeper,2.8116787965432937,2.7848454633298045,2.7810800198641075,2.1707914022982857,2.2733564,2.1792696
287,training,20,midfielder,1.9001745418481821,1.9019827756193306,1.9060018263344998,1.6924180300694769,1.7803334,1.6804317
288,training,21,defender,1.7279827660992446,1.7013505268289535,1.6978400373707996,2.05499424919466,2.1777875,2.045988
289,training,21,forward,2.2510266606775033,2.2191869252324983,2.22707939565662,2.1036678710089896,2.165193,2.053495
290,training,21,goalkeeper,2.775714775487749,2.737695019042585,2.7320145050166293,2.1498773479884883,2.2582603,2.1673038
291,training,21,midfielder,1.9102377742909509,1.9071968099803607,1.9171209913894391,1.6932600960395152,1.7860392,1.6830999
292,training,22,defender,1.7297804650686865,1.7068848962717653,1.7006702655229275,2.0593193324783914,2.1780357,2.1883855
293,training,22,forward,2.230169981354758,2.190665293179188,2.20057709042606,2.0933469641571785,2.142675,2.125398
294,training,22,goalkeeper,2.783201030534693,2.734599304688681,2.7264700093644194,2.135584180326946,2.2540517,2.2364788
295,training,22,midfielder,1.8940773970977502,1.894787870866279,1.9010876455261736,1.678856047864609,1.763802,1.7644404
296,training,23,defender,1.6281561214038613,1.612650704768102,1.6081778091686774,2.0478507234597125,2.1449754,2.1497276
297,training,23,forward,2.225428745111731,2.187404450137004,2.2038169509822785,2.0782051562043513,2.1062553,2.0890324
298,training,23,goalkeeper,2.7315105744364683,2.6857791815879,2.6745897381351726,2.0931060776157255,2.1996963,2.1765838
299,training,23,midfielder,1.888200899374712,1.8892432354236692,1.895544603334131,1.6837411763223227,1.7500434,1.7456111
300,training,24,defender,1.625810716492826,1.6113328894222918,1.6051281112440297,2.0361724892446444,2.135579,2.1451445
301,training,24,forward,2.2005082240883205,2.161032030109102,2.177697785653488,2.039326512722228,2.0769935,2.0566688
302,training,24,goalkeeper,2.6887429472125604,2.6645027898130866,2.651836388872552,2.092579119737914,2.1859293,2.1819828
303,training,24,midfielder,1.8802676122499886,1.8805770338035825,1.8882891768997003,1.683998581354546,1.7409545,1.7473202
304,training,25,defender,1.6273241758154033,1.613428731331035,1.6083626495505818,2.0413739015120616,2.1399884,2.0394766
305,training,25,forward,2.172946970815326,2.13578189636747,2.149583379561529,2.043287796605725,2.0637546,1.9859502
306,training,25,goalkeeper,2.660497759633319,2.642361155595809,2.6341642117310657,2.076221680114166,2.1961148,2.098682
307,training,25,midfielder,1.8814349752060675,1.8784795586765566,1.8841937700201246,1.6810043289599863,1.7422239,1.6713539
308,training,26,defender,1.6207032411070115,1.6106881605863939,1.602081088850716,2.02480551611238,2.123474,2.1282055
309,training,26,forward,2.1259229418034624,2.0954821615391124,2.10200422926123,2.011515853797019,2.0426934,2.0387022
310,training,26,goalkeeper,2.661337097438603,2.636775915456541,2.622387556314205,2.086232324370143,2.186731,2.2019665
311,training,26,midfielder,1.8712433365872154,1.8699413199706105,1.8762730768053053,1.6736502479200457,1.7333697,1.736815
312,training,27,defender,1.6458918537128362,1.635477955934263,1.6281197434408439,2.053913737947611,2.1491818,2.1529856
313,training,27,forward,2.072522091236954,2.043466733846514,2.050731770338713,1.9654043432963273,1.9970486,1.9781158
314,training,27,goalkeeper,2.6740282180388424,2.6620866548849422,2.6450237750885672,2.1063563484757983,2.2039633,2.1898444
315,training,27,midfielder,1.8542733696517373,1.8533536893803486,1.8603385904630432,1.6567315318609894,1.722117,1.7250227
316,training,28,defender,1.652542368179784,1.6473350972021659,1.6381466951871522,2.065622247396029,2.1670952,2.0522623
317,training,28,forward,2.0553259252324474,2.024635850254185,2.0288234523819924,1.9540036304112989,1.9953774,1.900752
318,training,28,goalkeeper,2.6675482172318072,2.65747737884365,2.636000597379251,2.1168853235889977,2.2198813,2.1419318
319,training,28,midfielder,1.854131979519241,1.8520474493800145,1.858018410751573,1.6585394076251418,1.7264831,1.6514852
320,training,29,defender,1.6526212672711535,1.6478633511842582,1.6384601145770523,2.0703354154261895,2.168064,2.06819
321,training,29,forward,2.0467940408602328,2.016924319036689,2.018696956051689,1.956108652539346,2.0008347,1.9219176
322,training,29,goalkeeper,2.6567047529689245,2.647885791984239,2.627429946707638,2.1486135248410063,2.223232,2.1772144
323,training,29,midfielder,1.838672600414966,1.8387860105795248,1.8448321882187744,1.6494058705379617,1.7157319,1.6418583
324,training,30,defender,1.6459356583972118,1.6405674503393954,1.6304563680276007,2.0657950127852325,2.162698,2.055195
325,training,30,forward,2.05619118858072,2.0283473835528483,2.0310026219869663,1.96121452130189,2.0109463,1.912505
326,training,30,goalkeeper,2.6289047533070464,2.6301999293178606,2.609244683526688,2.1308390254439473,2.223157,2.1471653
327,training,30,midfielder,1.8389806651462777,1.8396226563443154,1.8456827295091234,1.6480246706596524,1.7178088,1.6411719
328,training,31,defender,1.616204677896909,1.6091271404811651,1.6014730919698132,2.036048644503732,2.1455312,2.0246298
329,training,31,forward,2.0743641248798474,2.0441328010602735,2.0460157326326796,1.9957691916998976,2.0356789,1.9280093
330,training,31,goalkeeper,2.586270701261518,2.580575405572536,2.565625703115364,2.093021606916009,2.1931074,2.123764
331,training,31,midfielder,1.8441830330917797,1.8461945870028458,1.850811264192186,1.6579461072309416,1.7268175,1.645716
332,training,32,defender,1.6103218434814066,1.6034245348576812,1.5926922162268289,2.028435393055625,2.1360927,2.0217414
333,training,32,forward,2.0700707996804146,2.0437752891232503,2.0529149055294496,2.0102652589346954,2.0451906,1.9406912
334,training,32,goalkeeper,2.5783581468005683,2.573510789251521,2.5585534591427246,2.107250712920988,2.2093601,2.1340806
335,training,32,midfielder,1.8514757029442999,1.8541002684329195,1.8585530317278394,1.6701417978001263,1.7381055,1.6526798
336,training,33,defender,1.6063343323424575,1.600093281109204,1.5921176464917066,2.019411956406169,2.1259878,2.0150359
337,training,33,forward,2.059045915653653,2.037771068746252,2.051229879279932,1.9982518534064682,2.0457184,1.9501798
338,training,33,goalkeeper,2.5440288359591023,2.5372539033244714,2.5246765522751535,2.0966383920593095,2.1756897,2.116783
339,training,33,midfielder,1.8522847554297284,1.8540449340392835,1.8575058539518865,1.6617764753454296,1.7350647,1.6572921
340,training,34,defender,1.6163813521496218,1.609487483042824,1.5993397344311293,2.0275446918167193,2.131628,2.023711
341,training,34,forward,2.0604215704200777,2.0400538165733035,2.050791441821279,2.0007229591233595,2.0430648,1.9506571
342,training,34,goalkeeper,2.5528743252954853,2.541948302926084,2.5319050965519274,2.1195567259239536,2.1868207,2.1328683
343,training,34,midfielder,1.842685159794224,1.8436979669623792,1.845306317455654,1.6508700140185575,1.7235032,1.6472899
344,training,35,defender,1.6262016731323237,1.6142227567941394,1.6060588038277552,2.0286372208797463,2.129903,2.0246222
345,training,35,forward,2.0631132024365226,2.042113896509978,2.0515768227180335,2.006549549394591,2.04832,1.9487821
346,training,35,goalkeeper,2.5372355730069778,2.528544495447444,2.516477384488469,2.0876012652533595,2.1725867,2.1126685
347,training,35,midfielder,1.8417851667860268,1.8448220060078395,1.847205392948299,1.6540129890074842,1.717982,1.6438692
348,training,36,defender,1.6240900205015878,1.614269765550034,1.6076334550045255,2.0240718202575665,2.1314728,2.0231452
349,training,36,forward,2.0674541174468986,2.0478454101130437,2.058419931665614,2.011831918714671,2.0471756,1.95924
350,training,36,goalkeeper,2.5378335980507702,2.5330102151001914,2.5201771768402446,2.092800189955173,2.1842926,2.1098678
351,training,36,midfielder,1.8405475502553523,1.8448241737283217,1.8459920530240392,1.6471773218132966,1.7229103,1.6466889
352,training,37,defender,1.6201905338467697,1.6080355834642464,1.6029243863196712,2.011219607684705,2.1229372,2.0092487
353,training,37,forward,2.064558464949092,2.043693411866742,2.050408217955659,2.0104389205909303,2.0454843,1.949587
354,training,37,goalkeeper,2.5420835007363802,2.536232790179773,2.525999982549938,2.107430313209253,2.1926637,2.1218812
355,training,37,midfielder,1.84389366173268,1.8501675851111898,1.8511034185749047,1.6565104998382005,1.7255399,1.6452695
356,training,38,defender,1.616535678214105,1.6043708955266835,1.6014007115639624,2.009116105874191,2.1160095,2.0101924
357,training,38,forward,2.0598713010322487,2.040485286293876,2.04347977203715,2.0081558774127015,2.044226,1.9304471
358,training,38,goalkeeper,2.5238983623392333,2.5186854782912245,2.5105144507185297,2.093741636969844,2.1724901,2.106822
359,training,38,midfielder,1.839585658246762,1.8458725408820138,1.8474425001568888,1.6474537948547614,1.7191262,1.6402316
